Level,AIC
0,382.1747126193365
1,12.69292827768962
2,15.116606107012114
3,15.116606107012114
4,15.116606107012114
5,15.116606107012114
