Community,Size,Avg_Topic_Score,Density,Internal_Edges,External_Edges,Conductance,Degree_Centralization,Betweenness_Centralization
0,11,4.275107802993706,0.7272727272727273,40,67,0.6261682242990654,0.7418181818181819,0.0536026936026936
1,7,4.805084628841795,0.5714285714285714,12,55,0.8208955223880597,0.3253968253968253,0.2882539682539682
2,7,4.155345939592115,0.42857142857142855,9,39,0.8125,0.492063492063492,0.4485714285714284
3,4,0.4227472215514572,1.0,6,3,0.3333333333333333,0.0,0.0
