Level,AIC
0,88.21546145999363
1,4.363110659277871
2,8.071680558640754
