Level,AIC
0,60.30615454133901
1,17.22747088155713
