Level,AIC
0,398.1747126193365
1,25.607657974785788
2,27.96777166440351
3,30.33991165014267
4,30.33991165014267
5,30.33991165014267
