Level,AIC
0,382.1747126193365
1,13.37242254802669
2,15.800976480741554
3,18.582989000082883
