Level,AIC
0,356.1420116990967
1,10.537517698815446
2,10.537517698815446
3,10.537517698815446
4,10.537517698815446
5,10.537517698815446
