Community,Size,Avg_Topic_Score,Density,Internal_Edges,External_Edges,Conductance,Degree_Centralization,Betweenness_Centralization
0,9,6.298687957622486,0.4722222222222222,17,57,0.7702702702702703,0.3368055555555556,0.2785572562358276
1,7,2.614959374666964,0.6190476190476191,13,34,0.723404255319149,0.31746031746031744,0.09269841269841267
2,9,4.312345270608066,0.7222222222222222,26,52,0.6666666666666666,0.3993055555555555,0.026643990929705208
3,4,6.0882151524673205,1.0,6,47,0.8867924528301887,0.0,0.0
4,3,0.4825820347153025,0.6666666666666666,2,0,0.0,0.16666666666666666,0.6666666666666667
