Level,AIC
0,356.1420116990967
1,10.262584531219707
2,10.262584531219707
3,10.262584531219707
4,10.262584531219707
5,10.262584531219707
