Level,AIC
0,96.21546145999363
1,12.363110659277872
2,16.071680558640754
