Level,AIC
0,46.30615454133901
1,3.227470881557131
