Level,AIC
0,372.1420116990967
1,26.26258453121971
2,26.26258453121971
3,26.26258453121971
4,26.26258453121971
5,26.26258453121971
